username,first_name,last_name,email,city ,address
fdenzey0,Fergus,Denzey,fdenzey0@mysql.com,Choujiang,Apt 1182
cvanwaadenburg1,Cloris,Van Waadenburg,cvanwaadenburg1@eepurl.com,Ciudad Bolívar,Suite 80
lponnsett2,Lanita,Ponnsett,lponnsett2@adobe.com,Ravānsar,Room 887
bstobbart3,Benton,Stobbart,bstobbart3@linkedin.com,Rączna,Room 1094
ocroucher4,Obadias,Croucher,ocroucher4@state.tx.us,Yanyang,Suite 72
dbarkshire5,Dulcinea,Barkshire,dbarkshire5@statcounter.com,Guilin,Apt 473
tfehner6,Tresa,Fehner,tfehner6@sourceforge.net,Asunción Mita,Room 1535
mleprevost7,Marjy,Le Prevost,mleprevost7@unicef.org,Loma Alta,Suite 42
aweathey8,Aloisia,Weathey,aweathey8@spotify.com,Kajatian,Room 1779
rredgewell9,Reider,Redgewell,rredgewell9@desdev.cn,Kowala,PO Box 88934
lleafea,Latisha,Leafe,lleafea@mapy.cz,Taliouine,PO Box 75631
csowrahb,Cedric,Sowrah,csowrahb@china.com.cn,Okinawa Número Uno,Room 856
jmericc,Janeczka,Meric,jmericc@mapquest.com,Itaperuçu,Room 1836
hsaphd,Hillie,Saph,hsaphd@geocities.jp,Ketanggi,PO Box 89655
amcphatee,Adrian,McPhate,amcphatee@seesaa.net,Luleå,Apt 1292
rriggollf,Rogerio,Riggoll,rriggollf@bbb.org,Krajan,2nd Floor
asmothg,Artemas,Smoth,asmothg@archive.org,Shengtang,PO Box 16968
dneadsh,Donalt,Neads,dneadsh@comsenz.com,Sydney,Apt 366
grenshalli,Gerhardine,Renshall,grenshalli@aol.com,Nacaome,PO Box 88088
stoombesj,Selle,Toombes,stoombesj@imageshack.us,Guadalupe,Room 672
eclausiusk,Eddy,Clausius,eclausiusk@last.fm,Huangli,4th Floor
elongstreetl,Eugenius,Longstreet,elongstreetl@prweb.com,Hengshan,Apt 387
ukinceym,Ulberto,Kincey,ukinceym@spiegel.de,Macapsing,Suite 24
ccoffeltn,Catharina,Coffelt,ccoffeltn@51.la,Ronneby,18th Floor
jblackieo,Joletta,Blackie,jblackieo@opera.com,Komsomolsk-on-Amur,Suite 15
